station_id,suburb,road_name,period,traffic_count,wgs84_latitude,wgs84_longitude
1003,Sydney,Sydney Harbour Tunnel,ALL DAYS,89163,-33.860836,151.213791
1003,Sydney,Sydney Harbour Tunnel,AM PEAK,24998,-33.860836,151.213791
1003,Sydney,Sydney Harbour Tunnel,OFF PEAK,43575,-33.860836,151.213791
1003,Sydney,Sydney Harbour Tunnel,PM PEAK,23367,-33.860836,151.213791
2062,Newtown,Enmore Road,ALL DAYS,28335,-33.898201,151.177399
2062,Newtown,Enmore Road,AM PEAK,6526,-33.898201,151.177399
2062,Newtown,Enmore Road,OFF PEAK,14554,-33.898201,151.177399
2062,Newtown,Enmore Road,PM PEAK,7435,-33.898201,151.177399
2309,Alexandria,O'riordan Street,ALL DAYS,25358,-33.907532,151.200974
2309,Alexandria,O'riordan Street,AM PEAK,6625,-33.907532,151.200974
2309,Alexandria,O'riordan Street,OFF PEAK,13409,-33.907532,151.200974
2309,Alexandria,O'riordan Street,PM PEAK,6790,-33.907532,151.200974
2393,Darlinghurst,Crown Street,ALL DAYS,9641,-33.874722,151.216217
2393,Darlinghurst,Crown Street,AM PEAK,2063,-33.874722,151.216217
2393,Darlinghurst,Crown Street,OFF PEAK,5378,-33.874722,151.216217
2393,Darlinghurst,Crown Street,PM PEAK,2276,-33.874722,151.216217
4004,South Grafton,Craig Street,ALL DAYS,23117,-29.697966,152.942108
4004,South Grafton,Craig Street,AM PEAK,5367,-29.697966,152.942108
4004,South Grafton,Craig Street,OFF PEAK,12438,-29.697966,152.942108
4004,South Grafton,Craig Street,PM PEAK,6782,-29.697966,152.942108
5002,Pinny Beach,Pacific Highway,ALL DAYS,19779,-33.100418,151.629105
5002,Pinny Beach,Pacific Highway,AM PEAK,5448,-33.100418,151.629105
5002,Pinny Beach,Pacific Highway,OFF PEAK,8940,-33.100418,151.629105
5002,Pinny Beach,Pacific Highway,PM PEAK,6164,-33.100418,151.629105
5013,Blue Haven,Pacific Highway,ALL DAYS,20324,-33.208641,151.516586
5013,Blue Haven,Pacific Highway,AM PEAK,5277,-33.208641,151.516586
5013,Blue Haven,Pacific Highway,OFF PEAK,10188,-33.208641,151.516586
5013,Blue Haven,Pacific Highway,PM PEAK,6194,-33.208641,151.516586
5150,Millers Forest,Raymond Terrace Road,ALL DAYS,10226,-32.752235,151.72522
5150,Millers Forest,Raymond Terrace Road,AM PEAK,3048,-32.752235,151.72522
5150,Millers Forest,Raymond Terrace Road,OFF PEAK,4774,-32.752235,151.72522
5150,Millers Forest,Raymond Terrace Road,PM PEAK,3518,-32.752235,151.72522
5167,Milbrodale,Putty Road,ALL DAYS,659,-32.694839,150.989945
5167,Milbrodale,Putty Road,AM PEAK,124,-32.694839,150.989945
5167,Milbrodale,Putty Road,OFF PEAK,322,-32.694839,150.989945
5167,Milbrodale,Putty Road,PM PEAK,163,-32.694839,150.989945
5194,Abermain,Cessnock Road,ALL DAYS,15702,-32.821819,151.419708
5194,Abermain,Cessnock Road,AM PEAK,4007,-32.821819,151.419708
5194,Abermain,Cessnock Road,OFF PEAK,7835,-32.821819,151.419708
5194,Abermain,Cessnock Road,PM PEAK,4855,-32.821819,151.419708
5196,Freemans Waterhole,Freemans Drive,ALL DAYS,10226,-32.97062683,151.4822235
5196,Freemans Waterhole,Freemans Drive,AM PEAK,2203,-32.97062683,151.4822235
5196,Freemans Waterhole,Freemans Drive,OFF PEAK,4713,-32.97062683,151.4822235
5196,Freemans Waterhole,Freemans Drive,PM PEAK,2740,-32.97062683,151.4822235
5201,Charlestown,Pacific Highway,ALL DAYS,28005,-32.963619,151.695831
5201,Charlestown,Pacific Highway,AM PEAK,7516,-32.963619,151.695831
5201,Charlestown,Pacific Highway,OFF PEAK,13372,-32.963619,151.695831
5201,Charlestown,Pacific Highway,PM PEAK,9222,-32.963619,151.695831
5204,New Lambton Heights,Lookout Road,ALL DAYS,43060,-32.92556,151.696289
5204,New Lambton Heights,Lookout Road,AM PEAK,11984,-32.92556,151.696289
5204,New Lambton Heights,Lookout Road,OFF PEAK,21656,-32.92556,151.696289
5204,New Lambton Heights,Lookout Road,PM PEAK,13398,-32.92556,151.696289
5207,Waratah,Maud Street,ALL DAYS,18938,-32.896118,151.720154
5207,Waratah,Maud Street,AM PEAK,5085,-32.896118,151.720154
5207,Waratah,Maud Street,OFF PEAK,11081,-32.896118,151.720154
5207,Waratah,Maud Street,PM PEAK,5824,-32.896118,151.720154
5208,Argenton,Lake Road,ALL DAYS,25406,-32.941467,151.624649
5208,Argenton,Lake Road,AM PEAK,6311,-32.941467,151.624649
5208,Argenton,Lake Road,OFF PEAK,13185,-32.941467,151.624649
5208,Argenton,Lake Road,PM PEAK,7847,-32.941467,151.624649
5210,Redhead,Red Head Road,ALL DAYS,9074,-33.00746536,151.7157898
5210,Redhead,Red Head Road,AM PEAK,2378,-33.00746536,151.7157898
5210,Redhead,Red Head Road,OFF PEAK,4247,-33.00746536,151.7157898
5210,Redhead,Red Head Road,PM PEAK,2911,-33.00746536,151.7157898
5213,Belmont,Croudace Bay Road,ALL DAYS,12386,-33.025345,151.650024
5213,Belmont,Croudace Bay Road,AM PEAK,3053,-33.025345,151.650024
5213,Belmont,Croudace Bay Road,OFF PEAK,5963,-33.025345,151.650024
5213,Belmont,Croudace Bay Road,PM PEAK,3889,-33.025345,151.650024
5223,Denman,Palace Street,ALL DAYS,2799,-32.380688,150.690872
5223,Denman,Palace Street,AM PEAK,589,-32.380688,150.690872
5223,Denman,Palace Street,OFF PEAK,1517,-32.380688,150.690872
5223,Denman,Palace Street,PM PEAK,765,-32.380688,150.690872
5571,Glendale,Main Road,ALL DAYS,23792,-32.928658,151.641113
5571,Glendale,Main Road,AM PEAK,7029,-32.928658,151.641113
5571,Glendale,Main Road,OFF PEAK,11358,-32.928658,151.641113
5571,Glendale,Main Road,PM PEAK,7946,-32.928658,151.641113
5962,Kooragang,Nelson Bay Road,ALL DAYS,25261,-32.884647,151.786591
5962,Kooragang,Nelson Bay Road,AM PEAK,7357,-32.884647,151.786591
5962,Kooragang,Nelson Bay Road,OFF PEAK,11908,-32.884647,151.786591
5962,Kooragang,Nelson Bay Road,PM PEAK,7896,-32.884647,151.786591
7002,Braemar,Old Hume Highway,ALL DAYS,19993,-34.432686,150.480286
7002,Braemar,Old Hume Highway,AM PEAK,4903,-34.432686,150.480286
7002,Braemar,Old Hume Highway,OFF PEAK,9471,-34.432686,150.480286
7002,Braemar,Old Hume Highway,PM PEAK,6109,-34.432686,150.480286
7094,Macquarie Pass,Illawarra Highway,ALL DAYS,3676,-34.566525,150.662857
7094,Macquarie Pass,Illawarra Highway,AM PEAK,903,-34.566525,150.662857
7094,Macquarie Pass,Illawarra Highway,OFF PEAK,1596,-34.566525,150.662857
7094,Macquarie Pass,Illawarra Highway,PM PEAK,1160,-34.566525,150.662857
7097,Spring Hill,Five Islands Road,ALL DAYS,37624,-34.465855,150.874085
7097,Spring Hill,Five Islands Road,AM PEAK,10473,-34.465855,150.874085
7097,Spring Hill,Five Islands Road,OFF PEAK,20099,-34.465855,150.874085
7097,Spring Hill,Five Islands Road,PM PEAK,10480,-34.465855,150.874085
7101,Gerringong,Fern Street,ALL DAYS,11583,-34.75335693,150.8264313
7101,Gerringong,Fern Street,AM PEAK,2551,-34.75335693,150.8264313
7101,Gerringong,Fern Street,OFF PEAK,5256,-34.75335693,150.8264313
7101,Gerringong,Fern Street,PM PEAK,3428,-34.75335693,150.8264313
7264,Port Kembla,Illawarra Street,ALL DAYS,7039,-34.48645,150.901474
7264,Port Kembla,Illawarra Street,AM PEAK,1563,-34.48645,150.901474
7264,Port Kembla,Illawarra Street,OFF PEAK,3779,-34.48645,150.901474
7264,Port Kembla,Illawarra Street,PM PEAK,2117,-34.48645,150.901474
7352,Sutton Forest,Hume Highway,ALL DAYS,22634,-34.617638,150.214416
7352,Sutton Forest,Hume Highway,AM PEAK,4511,-34.617638,150.214416
7352,Sutton Forest,Hume Highway,OFF PEAK,12068,-34.617638,150.214416
7352,Sutton Forest,Hume Highway,PM PEAK,5502,-34.617638,150.214416
7355,Falls Creek,Jervis Bay Road,ALL DAYS,8614,-34.986893,150.592178
7355,Falls Creek,Jervis Bay Road,AM PEAK,2277,-34.986893,150.592178
7355,Falls Creek,Jervis Bay Road,OFF PEAK,4067,-34.986893,150.592178
7355,Falls Creek,Jervis Bay Road,PM PEAK,2616,-34.986893,150.592178
7593,Figtree,Princes Highway,ALL DAYS,26887,-34.439182,150.85762
7593,Figtree,Princes Highway,AM PEAK,6357,-34.439182,150.85762
7593,Figtree,Princes Highway,OFF PEAK,13145,-34.439182,150.85762
7593,Figtree,Princes Highway,PM PEAK,8799,-34.439182,150.85762
7737,Menangle Park,Hume Motorway,ALL DAYS,52107,-34.115025,150.759109
7737,Menangle Park,Hume Motorway,AM PEAK,12402,-34.115025,150.759109
7737,Menangle Park,Hume Motorway,OFF PEAK,26184,-34.115025,150.759109
7737,Menangle Park,Hume Motorway,PM PEAK,14290,-34.115025,150.759109
7747,Bulli,Princes Highway,ALL DAYS,13224,-34.320358,150.895767
7747,Bulli,Princes Highway,AM PEAK,3363,-34.320358,150.895767
7747,Bulli,Princes Highway,OFF PEAK,6380,-34.320358,150.895767
7747,Bulli,Princes Highway,PM PEAK,3912,-34.320358,150.895767
8001,Stony Creek,Princes Highway,ALL DAYS,3468,-36.627476,149.843384
8001,Stony Creek,Princes Highway,AM PEAK,929,-36.627476,149.843384
8001,Stony Creek,Princes Highway,OFF PEAK,1773,-36.627476,149.843384
8001,Stony Creek,Princes Highway,PM PEAK,1034,-36.627476,149.843384
8002,Stony Creek,Snowy Mountains Highway,ALL DAYS,1787,-36.631699,149.814713
8002,Stony Creek,Snowy Mountains Highway,AM PEAK,428,-36.631699,149.814713
8002,Stony Creek,Snowy Mountains Highway,OFF PEAK,867,-36.631699,149.814713
8002,Stony Creek,Snowy Mountains Highway,PM PEAK,510,-36.631699,149.814713
8052,North Batemans Bay,Princes Highway,ALL DAYS,8733,-35.699673,150.184463
8052,North Batemans Bay,Princes Highway,AM PEAK,2046,-35.699673,150.184463
8052,North Batemans Bay,Princes Highway,OFF PEAK,4375,-35.699673,150.184463
8052,North Batemans Bay,Princes Highway,PM PEAK,2479,-35.699673,150.184463
8062,Bodalla,Princes Highway,ALL DAYS,5191,-36.105434,150.056808
8062,Bodalla,Princes Highway,AM PEAK,1174,-36.105434,150.056808
8062,Bodalla,Princes Highway,OFF PEAK,2756,-36.105434,150.056808
8062,Bodalla,Princes Highway,PM PEAK,1423,-36.105434,150.056808
8080,Pine Valley,Snowy Mountains Highway,ALL DAYS,3590,-36.241871,149.064804
8080,Pine Valley,Snowy Mountains Highway,AM PEAK,895,-36.241871,149.064804
8080,Pine Valley,Snowy Mountains Highway,OFF PEAK,1713,-36.241871,149.064804
8080,Pine Valley,Snowy Mountains Highway,PM PEAK,1109,-36.241871,149.064804
8082,Bunyan,Monaro Highway,ALL DAYS,4343,-36.155613,149.151504
8082,Bunyan,Monaro Highway,AM PEAK,920,-36.155613,149.151504
8082,Bunyan,Monaro Highway,OFF PEAK,2104,-36.155613,149.151504
8082,Bunyan,Monaro Highway,PM PEAK,1258,-36.155613,149.151504
8177,Bombala,Monaro Highway,ALL DAYS,1134,-36.893013,149.239685
8177,Bombala,Monaro Highway,AM PEAK,263,-36.893013,149.239685
8177,Bombala,Monaro Highway,OFF PEAK,604,-36.893013,149.239685
8177,Bombala,Monaro Highway,PM PEAK,334,-36.893013,149.239685
100001,Canley Heights,Cambridge Street,ALL DAYS,41189,-33.878181,150.924942
100001,Canley Heights,Cambridge Street,AM PEAK,9964,-33.878181,150.924942
100001,Canley Heights,Cambridge Street,OFF PEAK,21931,-33.878181,150.924942
100001,Canley Heights,Cambridge Street,PM PEAK,11218,-33.878181,150.924942
100004,Clifton,Lawrence Hargrave Drive,ALL DAYS,4888,-34.259789,150.969467
100004,Clifton,Lawrence Hargrave Drive,AM PEAK,947,-34.259789,150.969467
100004,Clifton,Lawrence Hargrave Drive,OFF PEAK,2328,-34.259789,150.969467
100004,Clifton,Lawrence Hargrave Drive,PM PEAK,1131,-34.259789,150.969467
16129,Pagewood,Wentworth Avenue,ALL DAYS,49670,-33.936672,151.209625
16129,Pagewood,Wentworth Avenue,AM PEAK,12668,-33.936672,151.209625
16129,Pagewood,Wentworth Avenue,OFF PEAK,25116,-33.936672,151.209625
16129,Pagewood,Wentworth Avenue,PM PEAK,14391,-33.936672,151.209625
18041,St Peters,Canal Road,ALL DAYS,31683,-33.919224,151.177978
18041,St Peters,Canal Road,AM PEAK,8089,-33.919224,151.177978
18041,St Peters,Canal Road,OFF PEAK,17595,-33.919224,151.177978
18041,St Peters,Canal Road,PM PEAK,7372,-33.919224,151.177978
20075,Lilyfield,City West Link Road,ALL DAYS,66255,-33.871185,151.172668
20075,Lilyfield,City West Link Road,AM PEAK,14058,-33.871185,151.172668
20075,Lilyfield,City West Link Road,OFF PEAK,36531,-33.871185,151.172668
20075,Lilyfield,City West Link Road,PM PEAK,15533,-33.871185,151.172668
21032,Cammeray,Strathallen Avenue,ALL DAYS,23632,-33.817001,151.212357
21032,Cammeray,Strathallen Avenue,AM PEAK,6706,-33.817001,151.212357
21032,Cammeray,Strathallen Avenue,OFF PEAK,10890,-33.817001,151.212357
21032,Cammeray,Strathallen Avenue,PM PEAK,7168,-33.817001,151.212357
22043,Mosman,Ourimbah Road,ALL DAYS,23871,-33.822067,151.238358
22043,Mosman,Ourimbah Road,AM PEAK,6972,-33.822067,151.238358
22043,Mosman,Ourimbah Road,OFF PEAK,10480,-33.822067,151.238358
22043,Mosman,Ourimbah Road,PM PEAK,7183,-33.822067,151.238358
23055,Brighton-Le-Sands,General Holmes Drive,ALL DAYS,64993,-33.95490646,151.1586761
23055,Brighton-Le-Sands,General Holmes Drive,AM PEAK,16027,-33.95490646,151.1586761
23055,Brighton-Le-Sands,General Holmes Drive,OFF PEAK,32460,-33.95490646,151.1586761
23055,Brighton-Le-Sands,General Holmes Drive,PM PEAK,18842,-33.95490646,151.1586761
23067,Arncliffe,Marsh Street,ALL DAYS,57089,-33.934475,151.15831
23067,Arncliffe,Marsh Street,AM PEAK,15516,-33.934475,151.15831
23067,Arncliffe,Marsh Street,OFF PEAK,31026,-33.934475,151.15831
23067,Arncliffe,Marsh Street,PM PEAK,12771,-33.934475,151.15831
24008,Wiley Park,King Georges Road,ALL DAYS,66643,-33.922554,151.068237
24008,Wiley Park,King Georges Road,AM PEAK,9819,-33.922554,151.068237
24008,Wiley Park,King Georges Road,OFF PEAK,39343,-33.922554,151.068237
24008,Wiley Park,King Georges Road,PM PEAK,15712,-33.922554,151.068237
24014,Roselands,Canterbury Road,ALL DAYS,41024,-33.928268,151.077286
24014,Roselands,Canterbury Road,AM PEAK,9699,-33.928268,151.077286
24014,Roselands,Canterbury Road,OFF PEAK,22089,-33.928268,151.077286
24014,Roselands,Canterbury Road,PM PEAK,10348,-33.928268,151.077286
24026,Roselands,King Georges Road,ALL DAYS,74384,-33.934917,151.0737
24026,Roselands,King Georges Road,AM PEAK,16342,-33.934917,151.0737
24026,Roselands,King Georges Road,OFF PEAK,40854,-33.934917,151.0737
24026,Roselands,King Georges Road,PM PEAK,17792,-33.934917,151.0737
24221,Kingsgrove,Bexley Road,ALL DAYS,34263,-33.935444,151.111282
24221,Kingsgrove,Bexley Road,AM PEAK,8470,-33.935444,151.111282
24221,Kingsgrove,Bexley Road,OFF PEAK,16560,-33.935444,151.111282
24221,Kingsgrove,Bexley Road,PM PEAK,10154,-33.935444,151.111282
25001,Summer Hill,Liverpool Road,ALL DAYS,23684,-33.889008,151.133102
25001,Summer Hill,Liverpool Road,AM PEAK,5859,-33.889008,151.133102
25001,Summer Hill,Liverpool Road,OFF PEAK,11645,-33.889008,151.133102
25001,Summer Hill,Liverpool Road,PM PEAK,7014,-33.889008,151.133102
28008,Homebush West,Centenary Drive,ALL DAYS,95423,-33.86327,151.066605
28008,Homebush West,Centenary Drive,AM PEAK,22775,-33.86327,151.066605
28008,Homebush West,Centenary Drive,OFF PEAK,52959,-33.86327,151.066605
28008,Homebush West,Centenary Drive,PM PEAK,21452,-33.86327,151.066605
28022,Strathfield South,Liverpool Road,ALL DAYS,53342,-33.887241,151.073135
28022,Strathfield South,Liverpool Road,AM PEAK,13615,-33.887241,151.073135
28022,Strathfield South,Liverpool Road,OFF PEAK,27016,-33.887241,151.073135
28022,Strathfield South,Liverpool Road,PM PEAK,15236,-33.887241,151.073135
29005,Rhodes,Concord Road,ALL DAYS,93615,-33.824696,151.093216
29005,Rhodes,Concord Road,AM PEAK,22525,-33.824696,151.093216
29005,Rhodes,Concord Road,OFF PEAK,48759,-33.824696,151.093216
29005,Rhodes,Concord Road,PM PEAK,25198,-33.824696,151.093216
30005,Five Dock,Parramatta Road,ALL DAYS,80405,-33.869789,151.112778
30005,Five Dock,Parramatta Road,AM PEAK,17191,-33.869789,151.112778
30005,Five Dock,Parramatta Road,OFF PEAK,38081,-33.869789,151.112778
30005,Five Dock,Parramatta Road,PM PEAK,16144,-33.869789,151.112778
32022,Lane Cove,Epping Road,ALL DAYS,39449,-33.812298,151.170197
32022,Lane Cove,Epping Road,AM PEAK,9092,-33.812298,151.170197
32022,Lane Cove,Epping Road,OFF PEAK,21384,-33.812298,151.170197
32022,Lane Cove,Epping Road,PM PEAK,10182,-33.812298,151.170197
32029,Lane Cove West,Burns Bay Road,ALL DAYS,39785,-33.821175,151.149902
32029,Lane Cove West,Burns Bay Road,AM PEAK,11436,-33.821175,151.149902
32029,Lane Cove West,Burns Bay Road,OFF PEAK,19204,-33.821175,151.149902
32029,Lane Cove West,Burns Bay Road,PM PEAK,12095,-33.821175,151.149902
33014,Lane Cove North,Pacific Highway,ALL DAYS,61721,-33.806141,151.17952
33014,Lane Cove North,Pacific Highway,AM PEAK,15333,-33.806141,151.17952
33014,Lane Cove North,Pacific Highway,OFF PEAK,32665,-33.806141,151.17952
33014,Lane Cove North,Pacific Highway,PM PEAK,15363,-33.806141,151.17952
33023,Castlecrag,Eastern Valley Way,ALL DAYS,34591,-33.799751,151.210465
33023,Castlecrag,Eastern Valley Way,AM PEAK,8943,-33.799751,151.210465
33023,Castlecrag,Eastern Valley Way,OFF PEAK,14240,-33.799751,151.210465
33023,Castlecrag,Eastern Valley Way,PM PEAK,9577,-33.799751,151.210465
33026,Chatswood,Penshurst Street,ALL DAYS,28812,-33.788738,151.193848
33026,Chatswood,Penshurst Street,AM PEAK,8943,-33.788738,151.193848
33026,Chatswood,Penshurst Street,OFF PEAK,13955,-33.788738,151.193848
33026,Chatswood,Penshurst Street,PM PEAK,7696,-33.788738,151.193848
33098,Willoughby,Willoughby Road,ALL DAYS,35509,-33.811386,151.199509
33098,Willoughby,Willoughby Road,AM PEAK,10557,-33.811386,151.199509
33098,Willoughby,Willoughby Road,OFF PEAK,16523,-33.811386,151.199509
33098,Willoughby,Willoughby Road,PM PEAK,10344,-33.811386,151.199509
36002,Taren Point,Taren Point Road,ALL DAYS,57578,-34.011719,151.126007
36002,Taren Point,Taren Point Road,AM PEAK,15899,-34.011719,151.126007
36002,Taren Point,Taren Point Road,OFF PEAK,27275,-34.011719,151.126007
36002,Taren Point,Taren Point Road,PM PEAK,18062,-34.011719,151.126007
37001,Loftus,Princes Highway,ALL DAYS,57373,-34.054104,151.046188
37001,Loftus,Princes Highway,AM PEAK,16016,-34.054104,151.046188
37001,Loftus,Princes Highway,OFF PEAK,24877,-34.054104,151.046188
37001,Loftus,Princes Highway,PM PEAK,17571,-34.054104,151.046188
37022,Engadine,Heathcote Road,ALL DAYS,22851,-34.072643,151.000855
37022,Engadine,Heathcote Road,AM PEAK,5982,-34.072643,151.000855
37022,Engadine,Heathcote Road,OFF PEAK,10720,-34.072643,151.000855
37022,Engadine,Heathcote Road,PM PEAK,6909,-34.072643,151.000855
42001,Padstow Heights,Alfords Point Road,ALL DAYS,43920,-33.977142,151.030533
42001,Padstow Heights,Alfords Point Road,AM PEAK,10824,-33.977142,151.030533
42001,Padstow Heights,Alfords Point Road,OFF PEAK,19584,-33.977142,151.030533
42001,Padstow Heights,Alfords Point Road,PM PEAK,6478,-33.977142,151.030533
43032,Padstow,Henry Lawson Drive,ALL DAYS,38488,-33.963131,151.04187
43032,Padstow,Henry Lawson Drive,AM PEAK,11402,-33.963131,151.04187
43032,Padstow,Henry Lawson Drive,OFF PEAK,15541,-33.963131,151.04187
43032,Padstow,Henry Lawson Drive,PM PEAK,13313,-33.963131,151.04187
43216,Regents Park,Joseph Street,ALL DAYS,61424,-33.88764954,151.0394897
43216,Regents Park,Joseph Street,AM PEAK,17299,-33.88764954,151.0394897
43216,Regents Park,Joseph Street,OFF PEAK,30526,-33.88764954,151.0394897
43216,Regents Park,Joseph Street,PM PEAK,18410,-33.88764954,151.0394897
43236,Bankstown,Fairford Road,ALL DAYS,54706,-33.926025,151.038132
43236,Bankstown,Fairford Road,AM PEAK,13264,-33.926025,151.038132
43236,Bankstown,Fairford Road,OFF PEAK,29089,-33.926025,151.038132
43236,Bankstown,Fairford Road,PM PEAK,16391,-33.926025,151.038132
43239,Greenacre,Hume Highway,ALL DAYS,54099,-33.90515137,151.0413513
43239,Greenacre,Hume Highway,AM PEAK,12820,-33.90515137,151.0413513
43239,Greenacre,Hume Highway,OFF PEAK,29878,-33.90515137,151.0413513
43239,Greenacre,Hume Highway,PM PEAK,12900,-33.90515137,151.0413513
43246,Padstow,Davies Road,ALL DAYS,40536,-33.961929,151.037201
43246,Padstow,Davies Road,AM PEAK,11635,-33.961929,151.037201
43246,Padstow,Davies Road,OFF PEAK,18656,-33.961929,151.037201
43246,Padstow,Davies Road,PM PEAK,12068,-33.961929,151.037201
44002,Villawood,Hume Highway,ALL DAYS,50143,-33.88992691,150.973999
44002,Villawood,Hume Highway,AM PEAK,12300,-33.88992691,150.973999
44002,Villawood,Hume Highway,OFF PEAK,25774,-33.88992691,150.973999
44002,Villawood,Hume Highway,PM PEAK,13960,-33.88992691,150.973999
44139,Lansvale,Hume Highway,ALL DAYS,62666,-33.89113235,150.9658966
44139,Lansvale,Hume Highway,AM PEAK,15091,-33.89113235,150.9658966
44139,Lansvale,Hume Highway,OFF PEAK,32264,-33.89113235,150.9658966
44139,Lansvale,Hume Highway,PM PEAK,17528,-33.89113235,150.9658966
47024,Auburn,Parramatta Road,ALL DAYS,32280,-33.83889,151.029022
47024,Auburn,Parramatta Road,AM PEAK,6409,-33.83889,151.029022
47024,Auburn,Parramatta Road,OFF PEAK,18869,-33.83889,151.029022
47024,Auburn,Parramatta Road,PM PEAK,8124,-33.83889,151.029022
50001,Rydalmere,Silverwater Road,ALL DAYS,64247,-33.823917,151.051331
50001,Rydalmere,Silverwater Road,AM PEAK,18909,-33.823917,151.051331
50001,Rydalmere,Silverwater Road,OFF PEAK,29954,-33.823917,151.051331
50001,Rydalmere,Silverwater Road,PM PEAK,19966,-33.823917,151.051331
50207,Parramatta,Victoria Road,ALL DAYS,57243,-33.809143,151.025696
50207,Parramatta,Victoria Road,AM PEAK,16754,-33.809143,151.025696
50207,Parramatta,Victoria Road,OFF PEAK,29285,-33.809143,151.025696
50207,Parramatta,Victoria Road,PM PEAK,17654,-33.809143,151.025696
50231,Carlingford,Marsden Road,ALL DAYS,27301,-33.78928,151.062759
50231,Carlingford,Marsden Road,AM PEAK,7081,-33.78928,151.062759
50231,Carlingford,Marsden Road,OFF PEAK,13685,-33.78928,151.062759
50231,Carlingford,Marsden Road,PM PEAK,7118,-33.78928,151.062759
50233,Ermington,Silverwater Road,ALL DAYS,29395,-33.807297,151.053345
50233,Ermington,Silverwater Road,AM PEAK,6617,-33.807297,151.053345
50233,Ermington,Silverwater Road,OFF PEAK,11903,-33.807297,151.053345
50233,Ermington,Silverwater Road,PM PEAK,9816,-33.807297,151.053345
50385,North Parramatta,Church Street,ALL DAYS,31580,-33.794579,151.000626
50385,North Parramatta,Church Street,AM PEAK,8114,-33.794579,151.000626
50385,North Parramatta,Church Street,OFF PEAK,16075,-33.794579,151.000626
50385,North Parramatta,Church Street,PM PEAK,9294,-33.794579,151.000626
51235,Ryde,Victoria Road,ALL DAYS,58366,-33.81551,151.101105
51235,Ryde,Victoria Road,AM PEAK,15902,-33.81551,151.101105
51235,Ryde,Victoria Road,OFF PEAK,29701,-33.81551,151.101105
51235,Ryde,Victoria Road,PM PEAK,15997,-33.81551,151.101105
52040,North Ryde,Epping Road,ALL DAYS,50779,-33.798531,151.138992
52040,North Ryde,Epping Road,AM PEAK,13048,-33.798531,151.138992
52040,North Ryde,Epping Road,OFF PEAK,25138,-33.798531,151.138992
52040,North Ryde,Epping Road,PM PEAK,15289,-33.798531,151.138992
53004,Gordon,Pacific Highway,ALL DAYS,50155,-33.75317,151.151077
53004,Gordon,Pacific Highway,AM PEAK,13774,-33.75317,151.151077
53004,Gordon,Pacific Highway,OFF PEAK,25068,-33.75317,151.151077
53004,Gordon,Pacific Highway,PM PEAK,13125,-33.75317,151.151077
53053,St Ives,Eastern Arterial Road,ALL DAYS,14937,-33.75,151.1734161
53053,St Ives,Eastern Arterial Road,AM PEAK,3903,-33.75,151.1734161
53053,St Ives,Eastern Arterial Road,OFF PEAK,6923,-33.75,151.1734161
53053,St Ives,Eastern Arterial Road,PM PEAK,4905,-33.75,151.1734161
53198,Killara,Pacific Highway,ALL DAYS,46497,-33.761337,151.154983
53198,Killara,Pacific Highway,AM PEAK,12304,-33.761337,151.154983
53198,Killara,Pacific Highway,OFF PEAK,23682,-33.761337,151.154983
53198,Killara,Pacific Highway,PM PEAK,12074,-33.761337,151.154983
53209,Wahroonga,Pacific Highway,ALL DAYS,61415,-33.718727,151.110672
53209,Wahroonga,Pacific Highway,AM PEAK,15708,-33.718727,151.110672
53209,Wahroonga,Pacific Highway,OFF PEAK,30427,-33.718727,151.110672
53209,Wahroonga,Pacific Highway,PM PEAK,15793,-33.718727,151.110672
55028,North Narrabeen,Pittwater Road,ALL DAYS,58526,-33.706745,151.297028
55028,North Narrabeen,Pittwater Road,AM PEAK,15159,-33.706745,151.297028
55028,North Narrabeen,Pittwater Road,OFF PEAK,27919,-33.706745,151.297028
55028,North Narrabeen,Pittwater Road,PM PEAK,18059,-33.706745,151.297028
55036,Beacon Hill,Warringah Road,ALL DAYS,54781,-33.753216,151.257523
55036,Beacon Hill,Warringah Road,AM PEAK,14953,-33.753216,151.257523
55036,Beacon Hill,Warringah Road,OFF PEAK,25605,-33.753216,151.257523
55036,Beacon Hill,Warringah Road,PM PEAK,16971,-33.753216,151.257523
55050,Beacon Hill,Warringah Road,ALL DAYS,48463,-33.753262,151.257889
57011,Belrose,Mona Vale Road,ALL DAYS,52629,-33.701229,151.211594
57011,Belrose,Mona Vale Road,AM PEAK,15332,-33.701229,151.211594
57011,Belrose,Mona Vale Road,OFF PEAK,23128,-33.701229,151.211594
57011,Belrose,Mona Vale Road,PM PEAK,16192,-33.701229,151.211594
57024,Ingleside,Mona Vale Road,ALL DAYS,33718,-33.686592,151.256943
57024,Ingleside,Mona Vale Road,AM PEAK,9801,-33.686592,151.256943
57024,Ingleside,Mona Vale Road,OFF PEAK,15249,-33.686592,151.256943
57024,Ingleside,Mona Vale Road,PM PEAK,10343,-33.686592,151.256943
57025,Belrose,Forest Way,ALL DAYS,38822,-33.725773,151.219788
57025,Belrose,Forest Way,AM PEAK,10966,-33.725773,151.219788
57025,Belrose,Forest Way,OFF PEAK,19361,-33.725773,151.219788
57025,Belrose,Forest Way,PM PEAK,10827,-33.725773,151.219788
60005,Liverpool,Hume Highway,ALL DAYS,72269,-33.937553,150.913849
60005,Liverpool,Hume Highway,AM PEAK,17156,-33.937553,150.913849
60005,Liverpool,Hume Highway,OFF PEAK,37142,-33.937553,150.913849
60005,Liverpool,Hume Highway,PM PEAK,20652,-33.937553,150.913849
60032,Liverpool,Elizabeth Drive,ALL DAYS,45393,-33.914284,150.907883
60032,Liverpool,Elizabeth Drive,AM PEAK,10748,-33.914284,150.907883
60032,Liverpool,Elizabeth Drive,OFF PEAK,23086,-33.914284,150.907883
60032,Liverpool,Elizabeth Drive,PM PEAK,13794,-33.914284,150.907883
6105,Meadow Flat,Great Western Highway,ALL DAYS,8487,-33.437302,149.929047
6105,Meadow Flat,Great Western Highway,AM PEAK,1815,-33.437302,149.929047
6105,Meadow Flat,Great Western Highway,OFF PEAK,4160,-33.437302,149.929047
6105,Meadow Flat,Great Western Highway,PM PEAK,2316,-33.437302,149.929047
6107,Raglan,Sydney Road,ALL DAYS,9624,-33.424236,149.665482
6107,Raglan,Sydney Road,AM PEAK,2174,-33.424236,149.665482
6107,Raglan,Sydney Road,OFF PEAK,4701,-33.424236,149.665482
6107,Raglan,Sydney Road,PM PEAK,2698,-33.424236,149.665482
6115,Woodburn,Pacific Highway,ALL DAYS,9958,-29.066118,153.360901
6115,Woodburn,Pacific Highway,AM PEAK,1901,-29.066118,153.360901
6115,Woodburn,Pacific Highway,OFF PEAK,5742,-29.066118,153.360901
6115,Woodburn,Pacific Highway,PM PEAK,2366,-29.066118,153.360901
6116,Wardell,Pacific Highway,ALL DAYS,12554,-28.952976,153.464539
6116,Wardell,Pacific Highway,AM PEAK,2653,-28.952976,153.464539
6116,Wardell,Pacific Highway,OFF PEAK,6922,-28.952976,153.464539
6116,Wardell,Pacific Highway,PM PEAK,3158,-28.952976,153.464539
6119-PR,Nabiac,Pacific Highway,ALL DAYS,18121,-32.088028,152.405975
6119-PR,Nabiac,Pacific Highway,AM PEAK,3689,-32.088028,152.405975
6119-PR,Nabiac,Pacific Highway,OFF PEAK,9784,-32.088028,152.405975
6119-PR,Nabiac,Pacific Highway,PM PEAK,4471,-32.088028,152.405975
6120-PR,Kiwarrak,Pacific Highway,ALL DAYS,21653,-31.968466,152.463989
6120-PR,Kiwarrak,Pacific Highway,AM PEAK,4972,-31.968466,152.463989
6120-PR,Kiwarrak,Pacific Highway,OFF PEAK,11518,-31.968466,152.463989
6120-PR,Kiwarrak,Pacific Highway,PM PEAK,5809,-31.968466,152.463989
6128-PR,Lake Innes,Pacific Highway,ALL DAYS,16272,-31.515654,152.794846
6128-PR,Lake Innes,Pacific Highway,AM PEAK,3831,-31.515654,152.794846
6128-PR,Lake Innes,Pacific Highway,OFF PEAK,8490,-31.515654,152.794846
6128-PR,Lake Innes,Pacific Highway,PM PEAK,4399,-31.515654,152.794846
6133,Inverell,Gwydir Highway,ALL DAYS,1446,-29.777054,151.170212
6133,Inverell,Gwydir Highway,AM PEAK,355,-29.777054,151.170212
6133,Inverell,Gwydir Highway,OFF PEAK,764,-29.777054,151.170212
6133,Inverell,Gwydir Highway,PM PEAK,428,-29.777054,151.170212
6135-PR,Bowning,Hume Highway,ALL DAYS,15704,-34.791008,148.86348
6135-PR,Bowning,Hume Highway,AM PEAK,2676,-34.791008,148.86348
6135-PR,Bowning,Hume Highway,OFF PEAK,8855,-34.791008,148.86348
6135-PR,Bowning,Hume Highway,PM PEAK,4113,-34.791008,148.86348
6141,Forbes,Newell Highway,ALL DAYS,2533,-33.410191,147.969162
6141,Forbes,Newell Highway,AM PEAK,539,-33.410191,147.969162
6141,Forbes,Newell Highway,OFF PEAK,1393,-33.410191,147.969162
6141,Forbes,Newell Highway,PM PEAK,666,-33.410191,147.969162
6143,Wyalong,Newell Highway,ALL DAYS,2143,-33.924194,147.258545
6143,Wyalong,Newell Highway,AM PEAK,430,-33.924194,147.258545
6143,Wyalong,Newell Highway,OFF PEAK,1215,-33.924194,147.258545
6143,Wyalong,Newell Highway,PM PEAK,537,-33.924194,147.258545
6144,Forbes,Newell Highway,ALL DAYS,2532,-33.410091,147.969513
6144,Forbes,Newell Highway,AM PEAK,533,-33.410091,147.969513
6144,Forbes,Newell Highway,OFF PEAK,1392,-33.410091,147.969513
6144,Forbes,Newell Highway,PM PEAK,669,-33.410091,147.969513
6145,Eumungerie,Newell Highway,ALL DAYS,2810,-31.995474,148.579636
6145,Eumungerie,Newell Highway,AM PEAK,694,-31.995474,148.579636
6145,Eumungerie,Newell Highway,OFF PEAK,1465,-31.995474,148.579636
6145,Eumungerie,Newell Highway,PM PEAK,789,-31.995474,148.579636
6149,Tomingley,Newell Highway,ALL DAYS,2727,-32.657825,148.199264
6149,Tomingley,Newell Highway,AM PEAK,631,-32.657825,148.199264
6149,Tomingley,Newell Highway,OFF PEAK,1437,-32.657825,148.199264
6149,Tomingley,Newell Highway,PM PEAK,725,-32.657825,148.199264
6152,Tomingley,Newell Highway,ALL DAYS,2737,-32.657585,148.199356
6152,Tomingley,Newell Highway,AM PEAK,631,-32.657585,148.199356
6152,Tomingley,Newell Highway,OFF PEAK,1443,-32.657585,148.199356
6152,Tomingley,Newell Highway,PM PEAK,725,-32.657585,148.199356
6153,Rixs Creek,New England Highway,ALL DAYS,13293,-32.532272,151.139435
6153,Rixs Creek,New England Highway,AM PEAK,3622,-32.532272,151.139435
6153,Rixs Creek,New England Highway,OFF PEAK,6773,-32.532272,151.139435
6153,Rixs Creek,New England Highway,PM PEAK,4265,-32.532272,151.139435
6154,Muswellbrook,New England Highway,ALL DAYS,9171,-32.300934,150.932449
6154,Muswellbrook,New England Highway,AM PEAK,2276,-32.300934,150.932449
6154,Muswellbrook,New England Highway,OFF PEAK,4743,-32.300934,150.932449
6154,Muswellbrook,New England Highway,PM PEAK,2633,-32.300934,150.932449
6157,Muswellbrook,New England Highway,ALL DAYS,10147,-32.237709,150.903046
6157,Muswellbrook,New England Highway,AM PEAK,2402,-32.237709,150.903046
6157,Muswellbrook,New England Highway,OFF PEAK,5325,-32.237709,150.903046
6157,Muswellbrook,New England Highway,PM PEAK,3037,-32.237709,150.903046
6158,Aberdeen,New England Highway,ALL DAYS,10151,-32.179447,150.889908
6158,Aberdeen,New England Highway,AM PEAK,2398,-32.179447,150.889908
6158,Aberdeen,New England Highway,OFF PEAK,5338,-32.179447,150.889908
6158,Aberdeen,New England Highway,PM PEAK,3043,-32.179447,150.889908
6163,Merriwa,Golden Highway,ALL DAYS,2076,-32.155666,150.392487
6163,Merriwa,Golden Highway,AM PEAK,405,-32.155666,150.392487
6163,Merriwa,Golden Highway,OFF PEAK,1156,-32.155666,150.392487
6163,Merriwa,Golden Highway,PM PEAK,540,-32.155666,150.392487
6164,Sandy Hollow,Merriwa Road,ALL DAYS,2177,-32.327095,150.537567
6164,Sandy Hollow,Merriwa Road,AM PEAK,424,-32.327095,150.537567
6164,Sandy Hollow,Merriwa Road,OFF PEAK,1211,-32.327095,150.537567
6164,Sandy Hollow,Merriwa Road,PM PEAK,566,-32.327095,150.537567
6167,Gunnedah,Oxley Highway,ALL DAYS,3470,-30.979286,150.307693
6167,Gunnedah,Oxley Highway,AM PEAK,925,-30.979286,150.307693
6167,Gunnedah,Oxley Highway,OFF PEAK,1698,-30.979286,150.307693
6167,Gunnedah,Oxley Highway,PM PEAK,1066,-30.979286,150.307693
6168,Westdale,Oxley Highway,ALL DAYS,3744,-31.063797,150.833038
6168,Westdale,Oxley Highway,AM PEAK,962,-31.063797,150.833038
6168,Westdale,Oxley Highway,OFF PEAK,1873,-31.063797,150.833038
6168,Westdale,Oxley Highway,PM PEAK,1132,-31.063797,150.833038
6169,Molong,Mitchell Highway,ALL DAYS,2523,-33.052498,148.862244
6169,Molong,Mitchell Highway,AM PEAK,576,-33.052498,148.862244
6169,Molong,Mitchell Highway,OFF PEAK,1286,-33.052498,148.862244
6169,Molong,Mitchell Highway,PM PEAK,704,-33.052498,148.862244
6170,Cundumbul,Mitchell Highway,ALL DAYS,2384,-32.829884,148.905258
6170,Cundumbul,Mitchell Highway,AM PEAK,543,-32.829884,148.905258
6170,Cundumbul,Mitchell Highway,OFF PEAK,1205,-32.829884,148.905258
6170,Cundumbul,Mitchell Highway,PM PEAK,657,-32.829884,148.905258
6178-PR,Cordeaux,Picton Road,ALL DAYS,20093,-34.372967,150.829529
6178-PR,Cordeaux,Picton Road,AM PEAK,5224,-34.372967,150.829529
6178-PR,Cordeaux,Picton Road,OFF PEAK,9375,-34.372967,150.829529
6178-PR,Cordeaux,Picton Road,PM PEAK,5780,-34.372967,150.829529
6179,Wilton,Picton Road,ALL DAYS,19429,-34.272804,150.714188
6179,Wilton,Picton Road,AM PEAK,5325,-34.272804,150.714188
6179,Wilton,Picton Road,OFF PEAK,9123,-34.272804,150.714188
6179,Wilton,Picton Road,PM PEAK,5839,-34.272804,150.714188
6188,Mount Victoria,Great Western Highway,ALL DAYS,11337,-33.582989,150.240768
6188,Mount Victoria,Great Western Highway,AM PEAK,2389,-33.582989,150.240768
6188,Mount Victoria,Great Western Highway,OFF PEAK,5493,-33.582989,150.240768
6188,Mount Victoria,Great Western Highway,PM PEAK,2993,-33.582989,150.240768
6191,Hartley,Great Western Highway,ALL DAYS,8687,-33.530327,150.153626
6191,Hartley,Great Western Highway,AM PEAK,1733,-33.530327,150.153626
6191,Hartley,Great Western Highway,OFF PEAK,4191,-33.530327,150.153626
6191,Hartley,Great Western Highway,PM PEAK,2239,-33.530327,150.153626
6194,Bective,Oxley Highway,ALL DAYS,3173,-30.984961,150.768204
6194,Bective,Oxley Highway,AM PEAK,818,-30.984961,150.768204
6194,Bective,Oxley Highway,OFF PEAK,1599,-30.984961,150.768204
6194,Bective,Oxley Highway,PM PEAK,962,-30.984961,150.768204
62001,Casula,Hume Highway,ALL DAYS,50737,-33.956684,150.891098
62001,Casula,Hume Highway,AM PEAK,11627,-33.956684,150.891098
62001,Casula,Hume Highway,OFF PEAK,27179,-33.956684,150.891098
62001,Casula,Hume Highway,PM PEAK,13860,-33.956684,150.891098
65143,Bonnyrigg,Elizabeth Drive,ALL DAYS,40459,-33.889923,150.883972
65143,Bonnyrigg,Elizabeth Drive,AM PEAK,10072,-33.889923,150.883972
65143,Bonnyrigg,Elizabeth Drive,OFF PEAK,19659,-33.889923,150.883972
65143,Bonnyrigg,Elizabeth Drive,PM PEAK,12281,-33.889923,150.883972
66240,Fairfield,The Horsley Drive,ALL DAYS,41408,-33.870174,150.96106
66240,Fairfield,The Horsley Drive,AM PEAK,10622,-33.870174,150.96106
66240,Fairfield,The Horsley Drive,OFF PEAK,22018,-33.870174,150.96106
66240,Fairfield,The Horsley Drive,PM PEAK,12475,-33.870174,150.96106
66248,Smithfield,Warren Road,ALL DAYS,65207,-33.850235,150.944809
66248,Smithfield,Warren Road,AM PEAK,17294,-33.850235,150.944809
66248,Smithfield,Warren Road,OFF PEAK,34956,-33.850235,150.944809
66248,Smithfield,Warren Road,PM PEAK,18220,-33.850235,150.944809
66249,Fairfield East,Fairfield Street,ALL DAYS,20510,-33.869324,150.963486
66249,Fairfield East,Fairfield Street,AM PEAK,4853,-33.869324,150.963486
66249,Fairfield East,Fairfield Street,OFF PEAK,10711,-33.869324,150.963486
66249,Fairfield East,Fairfield Street,PM PEAK,6191,-33.869324,150.963486
69087,Seven Hills,Prospect Highway,ALL DAYS,41208,-33.774277,150.935242
69087,Seven Hills,Prospect Highway,AM PEAK,10621,-33.774277,150.935242
69087,Seven Hills,Prospect Highway,OFF PEAK,20779,-33.774277,150.935242
69087,Seven Hills,Prospect Highway,PM PEAK,13476,-33.774277,150.935242
69198,Blacktown,Sunnyholt Road,ALL DAYS,36181,-33.769943,150.912094
69198,Blacktown,Sunnyholt Road,AM PEAK,8254,-33.769943,150.912094
69198,Blacktown,Sunnyholt Road,OFF PEAK,19344,-33.769943,150.912094
69198,Blacktown,Sunnyholt Road,PM PEAK,9921,-33.769943,150.912094
69200,Blacktown,Lancaster Street,ALL DAYS,17605,-33.76589203,150.8929749
69200,Blacktown,Lancaster Street,AM PEAK,4179,-33.76589203,150.8929749
69200,Blacktown,Lancaster Street,OFF PEAK,8185,-33.76589203,150.8929749
69200,Blacktown,Lancaster Street,PM PEAK,5894,-33.76589203,150.8929749
69205,Blacktown,Balmoral Street,ALL DAYS,32437,-33.767948,150.904663
69205,Blacktown,Balmoral Street,AM PEAK,6586,-33.767948,150.904663
69205,Blacktown,Balmoral Street,OFF PEAK,16880,-33.767948,150.904663
69205,Blacktown,Balmoral Street,PM PEAK,9519,-33.767948,150.904663
70011,Greystanes,Great Western Highway,ALL DAYS,40482,-33.806572,150.932541
70011,Greystanes,Great Western Highway,AM PEAK,12005,-33.806572,150.932541
70011,Greystanes,Great Western Highway,OFF PEAK,19611,-33.806572,150.932541
70011,Greystanes,Great Western Highway,PM PEAK,13246,-33.806572,150.932541
70067,Rooty Hill,Eastern Road,ALL DAYS,21167,-33.771648,150.857834
70067,Rooty Hill,Eastern Road,AM PEAK,5337,-33.771648,150.857834
70067,Rooty Hill,Eastern Road,OFF PEAK,10046,-33.771648,150.857834
70067,Rooty Hill,Eastern Road,PM PEAK,6647,-33.771648,150.857834
71024,Rouse Hill,Windsor Road,ALL DAYS,54578,-33.699543,150.928497
71024,Rouse Hill,Windsor Road,AM PEAK,13658,-33.699543,150.928497
71024,Rouse Hill,Windsor Road,OFF PEAK,29124,-33.699543,150.928497
71024,Rouse Hill,Windsor Road,PM PEAK,14264,-33.699543,150.928497
7104-PR,Campbelltown,Broughton Street,ALL DAYS,26730,-34.066612,150.81958
7104-PR,Campbelltown,Broughton Street,AM PEAK,6297,-34.066612,150.81958
7104-PR,Campbelltown,Broughton Street,OFF PEAK,13365,-34.066612,150.81958
7104-PR,Campbelltown,Broughton Street,PM PEAK,8980,-34.066612,150.81958
71059,Glendenning,Richmond Road,ALL DAYS,35756,-33.741375,150.866013
71059,Glendenning,Richmond Road,AM PEAK,9011,-33.741375,150.866013
71059,Glendenning,Richmond Road,OFF PEAK,17704,-33.741375,150.866013
71059,Glendenning,Richmond Road,PM PEAK,10533,-33.741375,150.866013
71082,Mount Druitt,Carlisle Avenue,ALL DAYS,45476,-33.769043,150.816498
71082,Mount Druitt,Carlisle Avenue,AM PEAK,9612,-33.769043,150.816498
71082,Mount Druitt,Carlisle Avenue,OFF PEAK,24311,-33.769043,150.816498
71082,Mount Druitt,Carlisle Avenue,PM PEAK,13525,-33.769043,150.816498
7115,Wiley Park,Canterbury Road,ALL DAYS,28266,-33.929409,151.072479
7115,Wiley Park,Canterbury Road,AM PEAK,6009,-33.929409,151.072479
7115,Wiley Park,Canterbury Road,OFF PEAK,15671,-33.929409,151.072479
7115,Wiley Park,Canterbury Road,PM PEAK,7074,-33.929409,151.072479
7119-PR,Merrylands,Hawkesbury Road,ALL DAYS,30873,-33.817974,150.981827
7119-PR,Merrylands,Hawkesbury Road,AM PEAK,7957,-33.817974,150.981827
7119-PR,Merrylands,Hawkesbury Road,OFF PEAK,15808,-33.817974,150.981827
7119-PR,Merrylands,Hawkesbury Road,PM PEAK,8588,-33.817974,150.981827
7123-PR,St Marys,Pages Road,ALL DAYS,27289,-33.769588,150.768738
7123-PR,St Marys,Pages Road,AM PEAK,6894,-33.769588,150.768738
7123-PR,St Marys,Pages Road,OFF PEAK,13986,-33.769588,150.768738
7123-PR,St Marys,Pages Road,PM PEAK,7544,-33.769588,150.768738
7149,Milperra,Newbridge Road,ALL DAYS,42039,-33.92949295,150.9801636
7149,Milperra,Newbridge Road,AM PEAK,10870,-33.92949295,150.9801636
7149,Milperra,Newbridge Road,OFF PEAK,22286,-33.92949295,150.9801636
7149,Milperra,Newbridge Road,PM PEAK,12432,-33.92949295,150.9801636
72027,Baulkham Hills,Windsor Road,ALL DAYS,38701,-33.740467,150.984421
72027,Baulkham Hills,Windsor Road,AM PEAK,11654,-33.740467,150.984421
72027,Baulkham Hills,Windsor Road,OFF PEAK,14727,-33.740467,150.984421
72027,Baulkham Hills,Windsor Road,PM PEAK,9442,-33.740467,150.984421
72083,North Rocks,Renown Road,ALL DAYS,17150,-33.765114,151.009125
72083,North Rocks,Renown Road,AM PEAK,4919,-33.765114,151.009125
72083,North Rocks,Renown Road,OFF PEAK,7481,-33.765114,151.009125
72083,North Rocks,Renown Road,PM PEAK,6077,-33.765114,151.009125
7275,Croydon Park,Georges River Road,ALL DAYS,26613,-33.894714,151.110962
7275,Croydon Park,Georges River Road,AM PEAK,6741,-33.894714,151.110962
7275,Croydon Park,Georges River Road,OFF PEAK,13274,-33.894714,151.110962
7275,Croydon Park,Georges River Road,PM PEAK,7519,-33.894714,151.110962
73038,Dural,Old Northern Road,ALL DAYS,17136,-33.699642,151.01561
73038,Dural,Old Northern Road,AM PEAK,5073,-33.699642,151.01561
73038,Dural,Old Northern Road,OFF PEAK,8846,-33.699642,151.01561
73038,Dural,Old Northern Road,PM PEAK,4656,-33.699642,151.01561
74011,Wahroonga,Pacific Highway,ALL DAYS,34381,-33.717724,151.108383
74011,Wahroonga,Pacific Highway,AM PEAK,8479,-33.717724,151.108383
74011,Wahroonga,Pacific Highway,OFF PEAK,17502,-33.717724,151.108383
74011,Wahroonga,Pacific Highway,PM PEAK,9655,-33.717724,151.108383
74090,Pennant Hills,Pennant Hills Road,ALL DAYS,62549,-33.740452,151.059372
74090,Pennant Hills,Pennant Hills Road,AM PEAK,16465,-33.740452,151.059372
74090,Pennant Hills,Pennant Hills Road,OFF PEAK,31850,-33.740452,151.059372
74090,Pennant Hills,Pennant Hills Road,PM PEAK,15698,-33.740452,151.059372
74202,Asquith,Pacific Highway,ALL DAYS,19184,-33.684055,151.110504
74202,Asquith,Pacific Highway,AM PEAK,5157,-33.684055,151.110504
74202,Asquith,Pacific Highway,OFF PEAK,8821,-33.684055,151.110504
74202,Asquith,Pacific Highway,PM PEAK,6179,-33.684055,151.110504
74228,Cherrybrook,New Line Road,ALL DAYS,29546,-33.723019,151.036606
74228,Cherrybrook,New Line Road,AM PEAK,7942,-33.723019,151.036606
74228,Cherrybrook,New Line Road,OFF PEAK,14179,-33.723019,151.036606
74228,Cherrybrook,New Line Road,PM PEAK,8402,-33.723019,151.036606
74229,Cheltenham,Beecroft Road,ALL DAYS,30915,-33.760658,151.07962
74229,Cheltenham,Beecroft Road,AM PEAK,8595,-33.760658,151.07962
74229,Cheltenham,Beecroft Road,OFF PEAK,14999,-33.760658,151.07962
74229,Cheltenham,Beecroft Road,PM PEAK,8701,-33.760658,151.07962
74453,Epping,Epping Road,ALL DAYS,56137,-33.773907,151.082626
74453,Epping,Epping Road,OFF PEAK,14359,-33.773907,151.082626
74453,Epping,Epping Road,PM PEAK,15727,-33.773907,151.082626
76001,Cowan,Pacific Highway,ALL DAYS,3270,-33.541714,151.198547
76001,Cowan,Pacific Highway,AM PEAK,728,-33.541714,151.198547
76001,Cowan,Pacific Highway,OFF PEAK,1414,-33.541714,151.198547
76001,Cowan,Pacific Highway,PM PEAK,758,-33.541714,151.198547
83011,Leumeah,Campbelltown Road,ALL DAYS,44122,-34.050945,150.825409
83011,Leumeah,Campbelltown Road,AM PEAK,11402,-34.050945,150.825409
83011,Leumeah,Campbelltown Road,OFF PEAK,23518,-34.050945,150.825409
83011,Leumeah,Campbelltown Road,PM PEAK,12684,-34.050945,150.825409
86008,Werrington,Great Western Highway,ALL DAYS,40510,-33.769199,150.761856
86008,Werrington,Great Western Highway,AM PEAK,10222,-33.769199,150.761856
86008,Werrington,Great Western Highway,OFF PEAK,20598,-33.769199,150.761856
86008,Werrington,Great Western Highway,PM PEAK,12634,-33.769199,150.761856
86036,Kingswood,Parker Street,ALL DAYS,42277,-33.756058,150.712326
86036,Kingswood,Parker Street,AM PEAK,10287,-33.756058,150.712326
86036,Kingswood,Parker Street,OFF PEAK,21663,-33.756058,150.712326
86036,Kingswood,Parker Street,PM PEAK,11977,-33.756058,150.712326
87001,Penrith,Great Western Highway,ALL DAYS,22843,-33.746132,150.681915
87001,Penrith,Great Western Highway,AM PEAK,5767,-33.746132,150.681915
87001,Penrith,Great Western Highway,OFF PEAK,12105,-33.746132,150.681915
87001,Penrith,Great Western Highway,PM PEAK,6428,-33.746132,150.681915
94046,Yarra,Federal Highway,ALL DAYS,13209,-34.817825,149.601578
94046,Yarra,Federal Highway,AM PEAK,2643,-34.817825,149.601578
94046,Yarra,Federal Highway,OFF PEAK,6299,-34.817825,149.601578
94046,Yarra,Federal Highway,PM PEAK,4018,-34.817825,149.601578
94390,Kingsdale,Crookwell Road,ALL DAYS,2283,-34.68050385,149.6904755
94390,Kingsdale,Crookwell Road,AM PEAK,587,-34.68050385,149.6904755
94390,Kingsdale,Crookwell Road,OFF PEAK,1060,-34.68050385,149.6904755
94390,Kingsdale,Crookwell Road,PM PEAK,713,-34.68050385,149.6904755
94515,Bungendore,Kings Highway,ALL DAYS,5092,-35.249474,149.490677
94515,Bungendore,Kings Highway,AM PEAK,1071,-35.249474,149.490677
94515,Bungendore,Kings Highway,OFF PEAK,2188,-35.249474,149.490677
94515,Bungendore,Kings Highway,PM PEAK,1511,-35.249474,149.490677
94516,Sutton,Sutton Road,ALL DAYS,2939,-35.214867,149.271011
94516,Sutton,Sutton Road,AM PEAK,863,-35.214867,149.271011
94516,Sutton,Sutton Road,OFF PEAK,1219,-35.214867,149.271011
94516,Sutton,Sutton Road,PM PEAK,997,-35.214867,149.271011
9834-PR,Miranda,Kingsway,ALL DAYS,24023,-34.033203,151.092529
9834-PR,Miranda,Kingsway,AM PEAK,4783,-34.033203,151.092529
9834-PR,Miranda,Kingsway,OFF PEAK,12005,-34.033203,151.092529
9834-PR,Miranda,Kingsway,PM PEAK,7592,-34.033203,151.092529
9836-PR,Ryde,Victoria Road,ALL DAYS,50431,-33.819687,151.117416
9836-PR,Ryde,Victoria Road,AM PEAK,12944,-33.819687,151.117416
9836-PR,Ryde,Victoria Road,OFF PEAK,25264,-33.819687,151.117416
9836-PR,Ryde,Victoria Road,PM PEAK,13837,-33.819687,151.117416
9849,Strathfield,The Boulevarde,ALL DAYS,21493,-33.877975,151.093185
9849,Strathfield,The Boulevarde,AM PEAK,5709,-33.877975,151.093185
9849,Strathfield,The Boulevarde,OFF PEAK,10329,-33.877975,151.093185
9849,Strathfield,The Boulevarde,PM PEAK,6548,-33.877975,151.093185
99914,Faulconbridge,Great Western Highway,ALL DAYS,28201,-33.706028,150.527969
99914,Faulconbridge,Great Western Highway,AM PEAK,6349,-33.706028,150.527969
99914,Faulconbridge,Great Western Highway,OFF PEAK,13469,-33.706028,150.527969
99914,Faulconbridge,Great Western Highway,PM PEAK,7740,-33.706028,150.527969
ALBSTC,Table Top,Hume Highway,ALL DAYS,12080,-35.967876,147.004715
ALBSTC,Table Top,Hume Highway,AM PEAK,2200,-35.967876,147.004715
ALBSTC,Table Top,Hume Highway,OFF PEAK,6900,-35.967876,147.004715
ALBSTC,Table Top,Hume Highway,PM PEAK,3393,-35.967876,147.004715
BGBSTC,Boggabilla,Newell Highway,ALL DAYS,3908,-28.567099,150.321335
BGBSTC,Boggabilla,Newell Highway,AM PEAK,737,-28.567099,150.321335
BGBSTC,Boggabilla,Newell Highway,OFF PEAK,2293,-28.567099,150.321335
BGBSTC,Boggabilla,Newell Highway,PM PEAK,1139,-28.567099,150.321335
BKHSTC,Broken Hill,Barrier Highway,ALL DAYS,492,-31.919672,141.534698
BKHSTC,Broken Hill,Barrier Highway,AM PEAK,106,-31.919672,141.534698
BKHSTC,Broken Hill,Barrier Highway,OFF PEAK,253,-31.919672,141.534698
BKHSTC,Broken Hill,Barrier Highway,PM PEAK,123,-31.919672,141.534698
BLNSTC,Balranald,Sturt Highway,ALL DAYS,1190,-34.674763,143.572067
BLNSTC,Balranald,Sturt Highway,AM PEAK,215,-34.674763,143.572067
BLNSTC,Balranald,Sturt Highway,OFF PEAK,705,-34.674763,143.572067
BLNSTC,Balranald,Sturt Highway,PM PEAK,305,-34.674763,143.572067
BNMSTC,Bendemeer,New England Highway,ALL DAYS,4476,-30.896273,151.154327
BNMSTC,Bendemeer,New England Highway,AM PEAK,1049,-30.896273,151.154327
BNMSTC,Bendemeer,New England Highway,OFF PEAK,2201,-30.896273,151.154327
BNMSTC,Bendemeer,New England Highway,PM PEAK,1271,-30.896273,151.154327
BRGSTC,Bargo,Avon Dam Road,ALL DAYS,34187,-34.309757,150.60141
BRGSTC,Bargo,Avon Dam Road,AM PEAK,7163,-34.309757,150.60141
BRGSTC,Bargo,Avon Dam Road,OFF PEAK,17159,-34.309757,150.60141
BRGSTC,Bargo,Avon Dam Road,PM PEAK,8991,-34.309757,150.60141
CBBSTC,Tannabar,Newell Highway,ALL DAYS,2781,-31.31538,149.303513
CBBSTC,Tannabar,Newell Highway,AM PEAK,616,-31.31538,149.303513
CBBSTC,Tannabar,Newell Highway,OFF PEAK,1498,-31.31538,149.303513
CBBSTC,Tannabar,Newell Highway,PM PEAK,725,-31.31538,149.303513
DNDSTC,Dundee,New England Highway,ALL DAYS,2220,-29.568588,151.865753
DNDSTC,Dundee,New England Highway,AM PEAK,436,-29.568588,151.865753
DNDSTC,Dundee,New England Highway,OFF PEAK,1223,-29.568588,151.865753
DNDSTC,Dundee,New England Highway,PM PEAK,574,-29.568588,151.865753
F3FWY001,North Wahroonga,Pacific Motorway,ALL DAYS,89145,-33.694206,151.121323
F3FWY001,North Wahroonga,Pacific Motorway,AM PEAK,21622,-33.694206,151.121323
F3FWY001,North Wahroonga,Pacific Motorway,OFF PEAK,43804,-33.694206,151.121323
F3FWY001,North Wahroonga,Pacific Motorway,PM PEAK,23771,-33.694206,151.121323
F3FWY004,Bar Point,Pacific Motorway,ALL DAYS,84653,-33.496265,151.187408
F3FWY004,Bar Point,Pacific Motorway,AM PEAK,19709,-33.496265,151.187408
F3FWY004,Bar Point,Pacific Motorway,OFF PEAK,42190,-33.496265,151.187408
F3FWY004,Bar Point,Pacific Motorway,PM PEAK,23314,-33.496265,151.187408
GNDSTC,Gundagai,Hume Highway,ALL DAYS,11218,-35.007648,148.111343
GNDSTC,Gundagai,Hume Highway,AM PEAK,1695,-35.007648,148.111343
GNDSTC,Gundagai,Hume Highway,OFF PEAK,6658,-35.007648,148.111343
GNDSTC,Gundagai,Hume Highway,PM PEAK,2866,-35.007648,148.111343
HHW006,Manton,Hume Highway,ALL DAYS,8616,-34.836449,149.007996
HHW006,Manton,Hume Highway,AM PEAK,1279,-34.836449,149.007996
HHW006,Manton,Hume Highway,OFF PEAK,5432,-34.836449,149.007996
HHW006,Manton,Hume Highway,PM PEAK,2066,-34.836449,149.007996
HWDSTC,Maclean,Pacific Highway,ALL DAYS,13950,-29.434345,153.240707
HWDSTC,Maclean,Pacific Highway,AM PEAK,3196,-29.434345,153.240707
HWDSTC,Maclean,Pacific Highway,OFF PEAK,7757,-29.434345,153.240707
HWDSTC,Maclean,Pacific Highway,PM PEAK,3575,-29.434345,153.240707
JRDSTC,Jerilderie,Newell Highway,ALL DAYS,1987,-35.350632,145.755707
JRDSTC,Jerilderie,Newell Highway,AM PEAK,372,-35.350632,145.755707
JRDSTC,Jerilderie,Newell Highway,OFF PEAK,1157,-35.350632,145.755707
JRDSTC,Jerilderie,Newell Highway,PM PEAK,546,-35.350632,145.755707
MOHVCS,Mount Keira,Mount Ousley Road Hvcs,ALL DAYS,53018,-34.390652,150.858108
MOHVCS,Mount Keira,Mount Ousley Road Hvcs,AM PEAK,13545,-34.390652,150.858108
MOHVCS,Mount Keira,Mount Ousley Road Hvcs,OFF PEAK,24906,-34.390652,150.858108
MOHVCS,Mount Keira,Mount Ousley Road Hvcs,PM PEAK,15646,-34.390652,150.858108
MRDSTC,Caragabal,Newell Highway,ALL DAYS,1869,-33.759418,147.523041
MRDSTC,Caragabal,Newell Highway,AM PEAK,362,-33.759418,147.523041
MRDSTC,Caragabal,Newell Highway,OFF PEAK,1071,-33.759418,147.523041
MRDSTC,Caragabal,Newell Highway,PM PEAK,447,-33.759418,147.523041
MUB001,Mulwala,Melbourne Street,ALL DAYS,9262,-36.003071,146.003235
MUB001,Mulwala,Melbourne Street,AM PEAK,1897,-36.003071,146.003235
MUB001,Mulwala,Melbourne Street,OFF PEAK,4756,-36.003071,146.003235
MUB001,Mulwala,Melbourne Street,PM PEAK,2847,-36.003071,146.003235
NNDSTC,Euroley,Sturt Highway,ALL DAYS,1250,-34.696266,146.341217
NNDSTC,Euroley,Sturt Highway,AM PEAK,278,-34.696266,146.341217
NNDSTC,Euroley,Sturt Highway,OFF PEAK,681,-34.696266,146.341217
NNDSTC,Euroley,Sturt Highway,PM PEAK,337,-34.696266,146.341217
NNGSTC,Nyngan,Mitchell Highway,ALL DAYS,1184,-31.568691,147.209168
NNGSTC,Nyngan,Mitchell Highway,AM PEAK,302,-31.568691,147.209168
NNGSTC,Nyngan,Mitchell Highway,OFF PEAK,601,-31.568691,147.209168
NNGSTC,Nyngan,Mitchell Highway,PM PEAK,340,-31.568691,147.209168
PHSTC,Jones Island,Pacific Highway,ALL DAYS,17173,-31.860619,152.600388
PHSTC,Jones Island,Pacific Highway,AM PEAK,3736,-31.860619,152.600388
PHSTC,Jones Island,Pacific Highway,OFF PEAK,9271,-31.860619,152.600388
PHSTC,Jones Island,Pacific Highway,PM PEAK,4403,-31.860619,152.600388
T0085,Hornsby Heights,Galston Road,ALL DAYS,5782,-33.665455,151.090271
T0085,Hornsby Heights,Galston Road,AM PEAK,1963,-33.665455,151.090271
T0085,Hornsby Heights,Galston Road,OFF PEAK,2205,-33.665455,151.090271
T0085,Hornsby Heights,Galston Road,PM PEAK,2164,-33.665455,151.090271
T0146,Boggabilla,Newell Highway,ALL DAYS,3908,-28.566883,150.321152
T0146,Boggabilla,Newell Highway,AM PEAK,738,-28.566883,150.321152
T0146,Boggabilla,Newell Highway,OFF PEAK,2294,-28.566883,150.321152
T0146,Boggabilla,Newell Highway,PM PEAK,1138,-28.566883,150.321152
T0233,Jerilderie,Newell Highway,ALL DAYS,1989,-35.350391,145.756058
T0233,Jerilderie,Newell Highway,AM PEAK,373,-35.350391,145.756058
T0233,Jerilderie,Newell Highway,OFF PEAK,1155,-35.350391,145.756058
T0233,Jerilderie,Newell Highway,PM PEAK,546,-35.350391,145.756058
T0234,Balranald,Sturt Highway,ALL DAYS,1191,-34.6745,143.571899
T0234,Balranald,Sturt Highway,AM PEAK,215,-34.6745,143.571899
T0234,Balranald,Sturt Highway,OFF PEAK,705,-34.6745,143.571899
T0234,Balranald,Sturt Highway,PM PEAK,305,-34.6745,143.571899
T0254,Euroley,Sturt Highway,ALL DAYS,1253,-34.69595,146.340912
T0254,Euroley,Sturt Highway,AM PEAK,278,-34.69595,146.340912
T0254,Euroley,Sturt Highway,OFF PEAK,682,-34.69595,146.340912
T0254,Euroley,Sturt Highway,PM PEAK,339,-34.69595,146.340912
T0259,Dundee,New England Highway,ALL DAYS,2223,-29.56786,151.865753
T0259,Dundee,New England Highway,AM PEAK,437,-29.56786,151.865753
T0259,Dundee,New England Highway,OFF PEAK,1222,-29.56786,151.865753
T0259,Dundee,New England Highway,PM PEAK,577,-29.56786,151.865753
T0264,Maclean,Pacific Highway,ALL DAYS,13903,-29.434433,153.240707
T0264,Maclean,Pacific Highway,AM PEAK,3188,-29.434433,153.240707
T0264,Maclean,Pacific Highway,OFF PEAK,7716,-29.434433,153.240707
T0264,Maclean,Pacific Highway,PM PEAK,3565,-29.434433,153.240707
T0274-PR,Marulan,Hume Highway,ALL DAYS,20691,-34.704567,150.014954
T0274-PR,Marulan,Hume Highway,AM PEAK,3650,-34.704567,150.014954
T0274-PR,Marulan,Hume Highway,OFF PEAK,9650,-34.704567,150.014954
T0274-PR,Marulan,Hume Highway,PM PEAK,5373,-34.704567,150.014954
T0298,Blackheath,Great Western Highway Hvcs,ALL DAYS,12776,-33.617626,150.274033
T0298,Blackheath,Great Western Highway Hvcs,AM PEAK,2652,-33.617626,150.274033
T0298,Blackheath,Great Western Highway Hvcs,OFF PEAK,6094,-33.617626,150.274033
T0298,Blackheath,Great Western Highway Hvcs,PM PEAK,3486,-33.617626,150.274033
T0337,Galston,Galston Road,ALL DAYS,6087,-33.654926,151.060974
T0337,Galston,Galston Road,AM PEAK,2031,-33.654926,151.060974
T0337,Galston,Galston Road,OFF PEAK,2335,-33.654926,151.060974
T0337,Galston,Galston Road,PM PEAK,2247,-33.654926,151.060974
T0342,Galston,Galston Road,ALL DAYS,5800,-33.65556,151.063828
T0342,Galston,Galston Road,AM PEAK,1960,-33.65556,151.063828
T0342,Galston,Galston Road,OFF PEAK,2218,-33.65556,151.063828
T0342,Galston,Galston Road,PM PEAK,2153,-33.65556,151.063828
T0345,Hornsby,Galston Road,ALL DAYS,17281,-33.689632,151.097748
T0345,Hornsby,Galston Road,AM PEAK,4977,-33.689632,151.097748
T0345,Hornsby,Galston Road,OFF PEAK,7370,-33.689632,151.097748
T0345,Hornsby,Galston Road,PM PEAK,5909,-33.689632,151.097748
T0384,Bell,Bells Line Of Road,ALL DAYS,3162,-33.511532,150.284225
T0384,Bell,Bells Line Of Road,AM PEAK,548,-33.511532,150.284225
T0384,Bell,Bells Line Of Road,OFF PEAK,1503,-33.511532,150.284225
T0384,Bell,Bells Line Of Road,PM PEAK,798,-33.511532,150.284225
T0479-PR,Mount White,Pacific Motorway,ALL DAYS,77732,-33.454525,151.206726
T0479-PR,Mount White,Pacific Motorway,AM PEAK,17524,-33.454525,151.206726
T0479-PR,Mount White,Pacific Motorway,OFF PEAK,36925,-33.454525,151.206726
T0479-PR,Mount White,Pacific Motorway,PM PEAK,22167,-33.454525,151.206726
T0485,Blackheath,Great Western Highway Hvcs,ALL DAYS,12471,-33.616264,150.273102
T0485,Blackheath,Great Western Highway Hvcs,AM PEAK,2538,-33.616264,150.273102
T0485,Blackheath,Great Western Highway Hvcs,OFF PEAK,6009,-33.616264,150.273102
T0485,Blackheath,Great Western Highway Hvcs,PM PEAK,3366,-33.616264,150.273102
T0492,Bargo,Remembrance Driveway,ALL DAYS,4748,-34.313366,150.586014
T0492,Bargo,Remembrance Driveway,AM PEAK,1265,-34.313366,150.586014
T0492,Bargo,Remembrance Driveway,OFF PEAK,2278,-34.313366,150.586014
T0492,Bargo,Remembrance Driveway,PM PEAK,1485,-34.313366,150.586014
T0493,Bargo,Avon Dam Road,ALL DAYS,4700,-34.308601,150.599533
T0493,Bargo,Avon Dam Road,AM PEAK,1320,-34.308601,150.599533
T0493,Bargo,Avon Dam Road,OFF PEAK,2220,-34.308601,150.599533
T0493,Bargo,Avon Dam Road,PM PEAK,1537,-34.308601,150.599533
T0494,Marulan,Jaorimin Road,ALL DAYS,330,-34.690311,149.999191
T0494,Marulan,Jaorimin Road,AM PEAK,114,-34.690311,149.999191
T0494,Marulan,Jaorimin Road,OFF PEAK,202,-34.690311,149.999191
T0494,Marulan,Jaorimin Road,PM PEAK,60,-34.690311,149.999191
T0497,Biddon,Newell Highway,ALL DAYS,1807,-31.616983,148.746139
T0497,Biddon,Newell Highway,AM PEAK,394,-31.616983,148.746139
T0497,Biddon,Newell Highway,OFF PEAK,997,-31.616983,148.746139
T0497,Biddon,Newell Highway,PM PEAK,448,-31.616983,148.746139
T0498,Coonabarabran,Newell Highway,ALL DAYS,1622,-31.236635,149.31575
T0498,Coonabarabran,Newell Highway,AM PEAK,312,-31.236635,149.31575
T0498,Coonabarabran,Newell Highway,OFF PEAK,914,-31.236635,149.31575
T0498,Coonabarabran,Newell Highway,PM PEAK,395,-31.236635,149.31575
THSTC,Chinderah,Pacific Motorway,ALL DAYS,39113,-28.245531,153.546005
THSTC,Chinderah,Pacific Motorway,AM PEAK,9089,-28.245531,153.546005
THSTC,Chinderah,Pacific Motorway,OFF PEAK,19596,-28.245531,153.546005
THSTC,Chinderah,Pacific Motorway,PM PEAK,10897,-28.245531,153.546005
TMGSTC,Tomingley,Newell Highway,ALL DAYS,2652,-32.57792282,148.2220154
TMGSTC,Tomingley,Newell Highway,AM PEAK,610,-32.57792282,148.2220154
TMGSTC,Tomingley,Newell Highway,OFF PEAK,1407,-32.57792282,148.2220154
TMGSTC,Tomingley,Newell Highway,PM PEAK,699,-32.57792282,148.2220154
